"event","experiment time","system time","system time text"
"START",0.000000000000000E0,1.676583726688567E9,"2023-02-16 16:42:06.689 UTC-05:00"
