"event","experiment time","system time","system time text"
"START",0.000000000000000E0,1.676583827225437E9,"2023-02-16 16:43:47.225 UTC-05:00"
