"event","experiment time","system time","system time text"
"START",0.000000000000000E0,1.676583921696015E9,"2023-02-16 16:45:21.696 UTC-05:00"
